{
  "baseline": {
    "median_ms": 40.29870001249947,
    "p95_ms": 45.50403998582624,
    "mean_ms": 40.8264973005862,
    "runs": 1000,
    "warmup": 50,
    "num_threads": 1
  },
  "mobilenet_v2": {
    "median_ms": 20.023900011437945,
    "p95_ms": 24.189499989734028,
    "mean_ms": 20.509138499910478,
    "runs": 1000,
    "warmup": 50,
    "num_threads": 1
  }
}