{
  "baseline": {
    "median_ms": 40.72194999025669,
    "p95_ms": 44.25686500035226,
    "mean_ms": 40.70989310005098,
    "runs": 1000,
    "warmup": 50,
    "num_threads": 1
  },
  "mobilenet_v2": {
    "median_ms": 19.0547499951208,
    "p95_ms": 21.530569992319215,
    "mean_ms": 19.232959499786375,
    "runs": 1000,
    "warmup": 50,
    "num_threads": 1
  }
}